f1,accuracy,precision,recall
0.5634191036224365,0.6200000047683716,0.7491694092750549,0.6200000047683716
0.6983263492584229,0.7162500023841858,0.7836647033691406,0.7162500023841858
0.7426296472549438,0.7524999976158142,0.7982528209686279,0.7524999976158142
0.7766377925872803,0.7818750143051147,0.8110479116439819,0.7818750143051147
0.8009891510009766,0.8040000200271606,0.8235819339752197,0.8040000200271606
0.8184942007064819,0.8204166889190674,0.8345924615859985,0.8204166889190674
0.8300298452377319,0.831428587436676,0.8427093029022217,0.831428587436676
0.838597297668457,0.8396875262260437,0.8491204380989075,0.8396874666213989
