accuracy,f1,precision,recall
0.9777557849884033,0.9777544140815735,0.9778642654418945,0.977752149105072
