f1,accuracy,precision,recall
0.9599999785423279,0.9599999785423279,0.9599999785423279,0.9599999785423279
0.9549955129623413,0.9549999833106995,0.9551820755004883,0.9549999833106995
0.958332896232605,0.9583333134651184,0.9583536982536316,0.9583333134651184
0.9612499475479126,0.9612500071525574,0.9612529277801514,0.9612499475479126
0.9614999294281006,0.9614999890327454,0.9615041613578796,0.9614999890327454
0.9587461948394775,0.9587500095367432,0.958918571472168,0.9587500095367432
0.9585692882537842,0.9585714340209961,0.9586650133132935,0.9585714340209961
0.9587472677230835,0.9587500095367432,0.9588711857795715,0.9587500095367432
